web_scraper_order,web_scraper_start_url,rooms_area_price_raw,adress_raw,price_raw,descriptions_raw,text_raw
"1762630487-1","https://www.immoscout24.ch/de/wohnung/mieten/ort-winterthur?pn=5","4.5 Zimmer, 89m², CHF 1’960.–","Zypressenstrasse 11, 8408 Winterthur","CHF 1’960.–","ruhiges Wohnen im Herzen von Wüflingen",""
"1762630487-2","https://www.immoscout24.ch/de/wohnung/mieten/ort-winterthur?pn=5","3.5 Zimmer, 68m², CHF 2’510.–","Talgutstrasse 25/27, 8400 Winterthur","CHF 2’510.–","Ihr neuer Lebensraum: modern, grün, vernetzt",""
"1762630487-3","https://www.immoscout24.ch/de/wohnung/mieten/ort-winterthur?pn=5","3.5 Zimmer, 80m², CHF 2’930.–","Tösstalstrasse 93, 8400 Winterthur","CHF 2’930.–","Ihr neuer Lebensraum: modern, grün, vernetzt",""
"1762630487-4","https://www.immoscout24.ch/de/wohnung/mieten/ort-winterthur?pn=5","3 Zimmer, 76m², CHF 2’220.–","Tösstalstrasse 151, 8400 Winterthur","CHF 2’220.–","Zentral gelegene Familienwohnung - frisch saniert",""
"1762630487-5","https://www.immoscout24.ch/de/wohnung/mieten/ort-winterthur?pn=5","1.5 Zimmer, 40m², CHF 1’350.–","Wülflingerstrasse 137, 8408 Winterthur","CHF 1’350.–","Ihr neues Zuhause in Winterthur-Wülflingen",""
"1762630487-6","https://www.immoscout24.ch/de/wohnung/mieten/ort-winterthur?pn=5","3 Zimmer, 61m², CHF 1’550.–","Im Geissacker 75/77/79, 8404 Winterthur","CHF 1’550.–","Ruhige, schöne Wohnlage in Oberwinterthur",""
"1762630487-7","https://www.immoscout24.ch/de/wohnung/mieten/ort-winterthur?pn=5","2 Zimmer, 43m², CHF 1’800.–","8404 Winterthur","CHF 1’800.–","Neue 2-Zimmer-Wohnung in Winterthur-Hegi",""
"1762630487-8","https://www.immoscout24.ch/de/wohnung/mieten/ort-winterthur?pn=5","5 Zimmer, CHF 2’580.–","Dättnauerstr. 107, 8406 Winterthur","CHF 2’580.–","Grosszügige Wohnung mit Blick ins Grüne",""
"1762630487-9","https://www.immoscout24.ch/de/wohnung/mieten/ort-winterthur?pn=5","3.5 Zimmer, 80m², CHF 2’050.–","Feldstrasse 32, 8400 Winterthur","CHF 2’050.–","Helle Stadtwohnung in beliebtem Wohnquartier",""
"1762630487-10","https://www.immoscout24.ch/de/wohnung/mieten/ort-winterthur?pn=5","3.5 Zimmer, 98m², CHF 2’567.–","Schlosstalstrasse 26, 8406 Winterthur","CHF 2’567.–","Modernes Wohnen in Winterthur",""
"1762630487-11","https://www.immoscout24.ch/de/wohnung/mieten/ort-winterthur?pn=5","3.5 Zimmer, 103m², CHF 2’739.–","Wieshofstrasse 97, 8408 Winterthur","CHF 2’739.–","Moderne Attikawohnung mit grosser Terrasse",""
"1762630487-12","https://www.immoscout24.ch/de/wohnung/mieten/ort-winterthur?pn=5","3.5 Zimmer, 82m², CHF 2’658.–","Dialogplatz 10, 8400 Winterthur","CHF 2’658.–","Moderne 3.5-Zimmerwohnung in der Lokstadt",""
"1762630487-13","https://www.immoscout24.ch/de/wohnung/mieten/ort-winterthur?pn=5","4.5 Zimmer, 101m², CHF 3’400.–","Dialogplatz 10, 8400 Winterthur","CHF 3’400.–","Moderne 4.5-Zimmerwohnung in der Lokstadt",""
"1762630487-14","https://www.immoscout24.ch/de/wohnung/mieten/ort-winterthur?pn=5","4 Zimmer, 125m², CHF 2’740.–","Breitestrasse 9, 8400 Winterthur","CHF 2’740.–","Schöne geräumige 4-Zimmer-Gartenwohnung in Winterthur",""
"1762630487-15","https://www.immoscout24.ch/de/wohnung/mieten/ort-winterthur?pn=5","2.5 Zimmer, 75m², CHF 1’880.–","Schlossmühlestr. 167-211, 8408 Winterthur","CHF 1’880.–","2.5 Zimmer-Wohnung mit grosszügiger Terrasse!",""
"1762630487-16","https://www.immoscout24.ch/de/wohnung/mieten/ort-winterthur?pn=5","2.5 Zimmer, 83m², CHF 1’998.–","Schlossmühlestr. 250-264, 8408 Winterthur","CHF 1’998.–","2.5 Zimmer-Wohnung mit grosser Terrasse",""
"1762630487-17","https://www.immoscout24.ch/de/wohnung/mieten/ort-winterthur?pn=5","2.5 Zimmer, 57m², CHF 2’081.–","Dialogplatz 10, 8400 Winterthur","CHF 2’081.–","Moderne 2.5-Zimmerwohnung in der Lokstadt",""
"1762630487-18","https://www.immoscout24.ch/de/wohnung/mieten/ort-winterthur?pn=5","2.5 Zimmer, 57m², CHF 2’217.–","Dialogplatz 10, 8400 Winterthur","CHF 2’217.–","Moderne 2.5-Zimmerwohnung in der Lokstadt",""
"1762630487-19","https://www.immoscout24.ch/de/wohnung/mieten/ort-winterthur?pn=5","3 Zimmer, 63m², CHF 1’908.–","Tellstrasse 16a, 8400 Winterthur","CHF 1’908.–","3.0 Zimmerwohnung in Winterthur",""
"1762630487-20","https://www.immoscout24.ch/de/wohnung/mieten/ort-winterthur?pn=5","2 Zimmer, 48m², CHF 1’585.– Plus","Langgasse 96, 8400 Winterthur","CHF 1’585.–","",""
"1762630490-21","https://www.immoscout24.ch/de/wohnung/mieten/ort-winterthur?pn=1","4.5 Zimmer, 103m², CHF 3’150.– Premium","Holzlegistrasse 8a, 8408 Winterthur","CHF 3’150.–","ERSTBEZUG - Moderne Wohnungen für jedes Bedürfnis","In der Überbauung an der Holzlegistrasse 8a-c in Winterthur Wülflingen entstehen kommenden Frühling per 01.03.2026 achtzehn 2.5- bis 4.5-Zimmer-Wohnungen, die pures Wohnglück versprechen.Die Wohnungen überzeugen mit folgenden Pluspunkten:- Offene und gut durchdachte Grundrisse- Grosse Fensterfronten für helle und einladende Räume- Elegante und hochwertige Küchen- Stilvolle Bäder mit ebenerdigen Duschen oder Badewannen- Geräumige Einbauschränke im Eingangsbereich - Waschmaschine und Tumbler in jeder Wohnung- Grosszügige Balkone oder Sitzplätze zum Verweilen und GeniessenAn der Holzlegistrasse erwarten Sie zudem folgende Vorzüge:- Ruhige und grüne Gegend mit Weitsicht- Wärmeerzeugung über Luft-Wasser-Wärmepumpe mit Kühlfunktion- Einstellplätze à CHF 180.- mtl. dazumietbar (E-Ladestationen möglich)- Jede Wohnung verfügt über ein eigenes Kellerabteil- Lift vorhandenAlle Informationen zum Projekt finden Sie auf der Projektwebseite https://holzlegistrasse.ch/Wir freuen uns über Ihre Kontaktaufnahme.**Die Bilder zeigen Musterwohnungen**"
"1762630490-22","https://www.immoscout24.ch/de/wohnung/mieten/ort-winterthur?pn=1","3.5 Zimmer, 76m², CHF 2’450.– Premium","Tösstalstrasse 222, 8405 Winterthur","CHF 2’450.–","Erstvermietung in Winterthur-Seen","Per 01. Dezember 2025 oder nach Vereinbarung vermieten wir vier attraktive 3.5-Zimmerwohnungen im beliebten Winterthurer Quartier Seen als Erstbezug.Die Lage bietet Ihnen eine perfekte Anbindung ans öffentliche Verkehrsnetz sowie eine ausgezeichnete Infrastruktur. Auch Naturbegeisterte kommen auf Ihre Kosten, der nahegelegene Eschenbergwald lädt mit verschiedenen Spazier- und Velowegen zum sporteln und erholen ein. Hier wohnen Sie in einer angenehmen Mischung aus urbanem Leben und entspannter Wohnatmosphäre.Die wunderschönen 3.5-Zimmerwohnungen, welche sich im EG, 1.OG &amp; 2.OG(mit Lift) befinden, verfügen über folgende Vorzüge:- grosszügiger Wohn-/Essbereich mit offener Küche- Küche mit Glaskeramik, Geschirrspüler und Backofen- Dusche/WC mit Fenster- Einbauschrank im Korridor- eigner Waschturm in der Wohnung- Reduit für zusätzlichen Stauraum- grosszügiger, überdachter Sitzplatz/Balkon- KellerabteilWeitere Informationen finden Sie in der Vermietungsdokumentation. Erleben Sie die perfekte Kombination aus Stadtleben und Natur - Ihr neues Zuhause wartet auf Sie! Haben wir Ihr Interesse geweckt? Kontaktieren Sie uns noch heute und vereinbaren Sie einen Besichtigungstermin mit uns - wir freuen uns auf Sie!"
"1762630490-23","https://www.immoscout24.ch/de/wohnung/mieten/ort-winterthur?pn=1","3.5 Zimmer, 86m², CHF 2’845.– Premium","Holzlegistrasse 8b, 8408 Winterthur","CHF 2’845.–","ERSTBEZUG - Moderne Wohnungen für jedes Bedürfnis","In der Überbauung an der Holzlegistrasse 8a-c in Winterthur Wülflingen entstehen kommenden Frühling per 01.03.2026 achtzehn 2.5- bis 4.5-Zimmer-Wohnungen, die pures Wohnglück versprechen.Die Wohnungen überzeugen mit folgenden Pluspunkten:- Offene und gut durchdachte Grundrisse- Grosse Fensterfronten für helle und einladende Räume- Elegante und hochwertige Küchen- Stilvolle Bäder mit ebenerdigen Duschen oder Badewannen- Geräumige Einbauschränke im Eingangsbereich - Waschmaschine und Tumbler in jeder Wohnung- Grosszügige Balkone oder Sitzplätze zum Verweilen und GeniessenAn der Holzlegistrasse erwarten Sie zudem folgende Vorzüge:- Ruhige und grüne Gegend mit Weitsicht- Wärmeerzeugung über Luft-Wasser-Wärmepumpe mit Kühlfunktion- Einstellplätze à CHF 180.- mtl. dazumietbar (E-Ladestationen möglich)- Jede Wohnung verfügt über ein eigenes Kellerabteil- Lift vorhandenAlle Informationen zum Projekt finden Sie auf der Projektwebseite https://holzlegistrasse.ch/Wir freuen uns über Ihre Kontaktaufnahme.**Die Bilder zeigen Musterwohnungen**"
"1762630490-24","https://www.immoscout24.ch/de/wohnung/mieten/ort-winterthur?pn=1","3.5 Zimmer, 95m², CHF 2’960.– Premium","Weinbergstrasse 69, 8408 Winterthur","CHF 2’960.–","Einzigartige Loftwohnung in Winterthur-Wülflingen",""
"1762630490-25","https://www.immoscout24.ch/de/wohnung/mieten/ort-winterthur?pn=1","3.5 Zimmer, 105m², CHF 3’900.– Premium","Schaffhauserstrasse 111, 8400 Winterthur","CHF 3’900.–","",""
"1762630490-26","https://www.immoscout24.ch/de/wohnung/mieten/ort-winterthur?pn=1","3.5 Zimmer, 151m², CHF 3’807.– Top","Marktgasse 78, 8400 Winterthur","CHF 3’807.–","Einzigartige & Denkmalgeschützte Dachwohnung",""
"1762630490-27","https://www.immoscout24.ch/de/wohnung/mieten/ort-winterthur?pn=1","2.5 Zimmer, 73m², CHF 2’100.– Top","Sulzerallee 79, 8404 Winterthur","CHF 2’100.–","Hier endet Ihre Wohnungssuche",""
"1762630490-28","https://www.immoscout24.ch/de/wohnung/mieten/ort-winterthur?pn=1","2.5 Zimmer, 85m², CHF 2’180.– Top","Claisstrasse 3, 8408 Winterthur","CHF 2’180.–","Moderne 2.5-Zimmer-Wohnung mit Balkon und Gartenblick in Winterthur",""
"1762630490-29","https://www.immoscout24.ch/de/wohnung/mieten/ort-winterthur?pn=1","1 Zimmer, 49m², Preis auf AnfrageTop","Oberfeldstrasse 102, Winterthur, Schweiz, 8408 Winterthur","Preis auf Anfrage","Charmante 1-Zimmer-Wohnung mit Terrasse in Winterthur",""
"1762630490-30","https://www.immoscout24.ch/de/wohnung/mieten/ort-winterthur?pn=1","3.5 Zimmer, 96m², CHF 2’585.–","Else - Züblin - str. 75, 8404 Winterthur","CHF 2’585.–","Erstklassig Wohnen im ROY!","Wir vermieten diese schöne, moderne 3.5-Zimmerwohnung. - Grosszügiger Grundriss- Moderner Küchenausbau- Lichtdurchflutete Wohnung- Parkett im Wohnbereich und Schlafzimmer- Zimmer mit Ankleidezimmer und Loggia- Bad/WC mit Waschturm- Separate Dusche/WC- Garderobe im Eingangsbereich- Gemütliche Loggia- 24h Migros TEO vor dem Haus- Diverse Gewerbe (Café, Imbiss etc.) im Erdgeschoss- Grosser Park in der Nähe- Bushaltestelle vor dem HausAlle Informationen finden Sie auf unserer Objekthomepage https://www.roy-winterthur.chDie Bilder zeigen den Standard.Haben wir Ihr Interesse geweckt?Für einen Besichtigungstermin, Bewerbungslink sowie weitere Informationen senden Sie uns eine Nachricht via Kontaktformular «Anbieter kontaktieren». Sie erhalten anschliessend eine automatische Nachricht mit allen nötigen Informationen."
"1762630490-31","https://www.immoscout24.ch/de/wohnung/mieten/ort-winterthur?pn=1","3.5 Zimmer, 96m², CHF 2’572.–","Else - Züblin - str. 73, 8404 Winterthur","CHF 2’572.–","Ihre Traumwohnung im ROY!","Wir vermieten diese schöne, moderne 3.5-Zimmerwohnung. - Grosszügiger Grundriss- Moderner Küchenausbau- Lichtdurchflutete Wohnung- Parkett im Wohnbereich und Schlafzimmer- Zimmer mit Ankleidezimmer und Loggia- Bad/WC mit Waschturm- Separate Dusche/WC- Garderobe im Eingangsbereich- Gemütliche Loggia- 24h Migros TEO vor dem Haus- Diverse Gewerbe (Café, Imbiss etc.) im Erdgeschoss- Grosser Park in der Nähe- Bushaltestelle vor dem HausAlle Informationen finden Sie auf unserer Objekthomepage https://www.roy-winterthur.chDie Bilder zeigen den Standard.Haben wir Ihr Interesse geweckt?Für einen Besichtigungstermin, Bewerbungslink sowie weitere Informationen senden Sie uns eine Nachricht via Kontaktformular «Anbieter kontaktieren». Sie erhalten anschliessend eine automatische Nachricht mit allen nötigen Informationen."
"1762630490-32","https://www.immoscout24.ch/de/wohnung/mieten/ort-winterthur?pn=1","4.5 Zimmer, 101m², CHF 2’400.–","Hörnlistrasse 4, 8400 Winterthur","CHF 2’400.–","Lebensfreude beginnt daheim",""
"1762630490-33","https://www.immoscout24.ch/de/wohnung/mieten/ort-winterthur?pn=1","5.5 Zimmer, CHF 2’900.–","Bäumlistrasse 9, 8404 Winterthur","CHF 2’900.–","Grosszügige Maisonette-Wohnung an ruhiger Lage",""
"1762630490-34","https://www.immoscout24.ch/de/wohnung/mieten/ort-winterthur?pn=1","4.5 Zimmer, 117m², CHF 3’160.–","Eichgutstr. 4, 8400 Winterthur","CHF 3’160.–","Wohnen im Herzen der Stadt","Der moderne Ausbaustandart, die eindrückliche Raumhöhe sowie der exklusive Blick über Winterthur machen das Wohnen im Zentrum der Stadt einmalig. Das Mietobjekt ist wie folgt ausgestattet:- Moderne Küche- Hochwertiger Eschenparkett in allen Wohnräumen- Lift direkt in die Wohnung- Zwei Nasszellen mit beigen Natursteinplatten und hochhwertigen Armaturen - Eigener Waschturm in der Wohnung- Entrée mit Garderobenschränken- Individuelle Raumaufteilung dank Schiebetüren- Einbauschränke mit viel Stauraum- Gemütliche Terrasse mit raumhoher VerglasungParkplätze in der Tiefgarage können dazu gemietet werden.Die Bilder zeigen den Standard der Liegenschaft und entsprechen nicht immer der angebotenen Wohnung.Haben wir Ihr Interesse geweckt? Lassen Sie sich vor Ort inspirieren und erkunden Sie die Wohnung auf einer Besichtigung."
"1762630490-35","https://www.immoscout24.ch/de/wohnung/mieten/ort-winterthur?pn=1","4.5 Zimmer, 131m², CHF 3’195.–","Katharina Sulzer Platz 8, 8400 Winterthur","CHF 3’195.–","Modernes Wohnen im Herzen von Winterthur MIETEN OHNE KAUTION","Modernes wohnen Topausgestattet mit allem, was das Herz begehrt- Wohnfläche ca. 129 m2- Ganze Wohnung mit Parkett- Nasszellen pflegeleichte Keramikböden- Küche mit Glaskeramik, Geschirrspüler und Steamer- Bad/WC mit Doppel-Lavabo und Waschturm (WM/TU)- Dusche/WC - Balkon und Loggia mit Verglasung- 5. Stock mit Lift- Bushaltestelle ""Brühleck"" in unmittelbarer Nähe (Linien 7, 11, 1 + 4)- 5 Gehminuten zum Hauptbahnhof und in die Stadt- Einstellplätze à CHF 175.00/monatlich vorhandenSiehe auch: www.kranbahn.ch, WG-Nr. 510Die Fotos entsprechen dem Standard."
"1762630490-36","https://www.immoscout24.ch/de/wohnung/mieten/ort-winterthur?pn=1","2.5 Zimmer, 58m², CHF 1’740.–","Else - Züblin - str. 83, 8404 Winterthur","CHF 1’740.–","Single-Wohnung im ROY zu vermieten!","Wir vermieten diese schöne, moderne 2.5-Zimmerwohnung. - Grosszügiger Grundriss- Moderner Küchenausbau- Lichtdurchflutete Wohnung- Parkett im Wohnbereich und Schlafzimmer- Plattenboden im Bad- Bad/WC mit Waschturm- Separate Dusche/WC- Garderobe im Eingangsbereich- Gemütliche Loggia- 24h Migros TEO vor dem Haus- Diverse Gewerbe (Café, Imbiss etc.) im Erdgeschoss- Grosser Park in der Nähe- Bushaltestelle vor dem HausAlle Informationen finden Sie auf unserer Objekthomepage https://www.roy-winterthur.chDie Bilder zeigen den Standard.Haben wir Ihr Interesse geweckt?Für einen Besichtigungstermin, Bewerbungslink sowie weitere Informationen senden Sie uns eine Nachricht via Kontaktformular «Anbieter kontaktieren». Sie erhalten anschliessend eine automatische Nachricht mit allen nötigen Informationen."
"1762630490-37","https://www.immoscout24.ch/de/wohnung/mieten/ort-winterthur?pn=1","3.5 Zimmer, 111m², CHF 2’915.–","Sulzeral. 65, 8404 Winterthur","CHF 2’915.–","Ihr neues Zuhause im ROY!","Wir vermieten diese schöne, moderne 3.5-Zimmerwohnung. - Grosszügiger Grundriss- Moderner Küchenausbau- Lichtdurchflutete Wohnung- Parkett im Wohnbereich und Schlafzimmer- Plattenboden im Bad- Bad/WC mit Waschturm- Separate Dusche/WC- Garderobe im Eingangsbereich- Gemütliche Loggia- 24h Migros TEO vor dem Haus- Diverse Gewerbe (Café, Imbiss etc.) im Erdgeschoss- Grosser Park in der Nähe- Bushaltestelle vor dem HausAlle Informationen finden Sie auf unserer Objekthomepage https://www.roy-winterthur.chDie Bilder zeigen den Standard.Haben wir Ihr Interesse geweckt?Für einen Besichtigungstermin, Bewerbungslink sowie weitere Informationen senden Sie uns eine Nachricht via Kontaktformular «Anbieter kontaktieren». Sie erhalten anschliessend eine automatische Nachricht mit allen nötigen Informationen."
"1762630490-38","https://www.immoscout24.ch/de/wohnung/mieten/ort-winterthur?pn=1","4.5 Zimmer, 115m², CHF 2’219.–","Römerstr. 150, 8404 Winterthur","CHF 2’219.–","Wohnen mitten in Oberwinterthur","Im beliebten Quartier ""Unters Bühl"" in Oberwinterthur vermieten wir diese grosszügige 4.5 Zimmerwohnung.- Bodenbelag im Wohnbereich Parkett- Geschlossene Küche mit Geschirrspüler und Glaskeramikherd- Badezimmer mit Badewanne - Sep. Gäste-WC - Wandschränke und Reduit - Grosszügiger Balkon- KellerabteilDie neuen Spielplatz- und Grillanlagen in der Liegenschaft laden zum Verweilen ein. Schule, Kindergarten und Einkaufsmöglichkeiten befinden sich in unmittelbarer Nähe und sind in wenigen Gehminuten zu erreichen. Die Überbauung befindet sich ausserdem an guter Verkehrsanbindung.Parkplätze in der Tiefgarage verfügbar: CHF 120.- im Monat(Die Fotos entsprechen dem Standard)"
"1762630490-39","https://www.immoscout24.ch/de/wohnung/mieten/ort-winterthur?pn=1","2.5 Zimmer, 78m², CHF 2’020.–","Im Grüntal 25, 8405 Winterthur","CHF 2’020.–","Tolle Dachwohnung an ruhiger Lage","Dieses Schmuckstück sucht Sie!Die Überbauung wurde im Jahr 2019 Totalsaniert und es enstanden moderne Wohnungen mit modernem Ausbaustandart. Profitieren Sie von folgenden Vorzügen:- Wohnbereich mit hochwertigem Eichen-Parkett- Lichtdurchflutete Räume- Offene Küche mit modernen Geräten- Eigener Waschtum in der Wohnung- Überdurchschnittliche Raumhöhe - Charme durch Dachschrägen- Sonniger Balkon- Einkauszentrum und öffentlichen Verkehrsmittel in unmittelbarer Nähe- Familienfreundliche UmgebungDie Bilder zeigen den Standard der Liegenschaft und entsprechen nicht immer der angebotenen Wohnung.Haben wir Ihr Interesse geweckt?Für einen Besichtigungstermin, Bewerbungslink sowie weitere Informationen senden Sie uns eine Nachricht via Kontaktformular «Anbieter kontaktieren». Sie erhalten anschliessend eine automatische Nachricht mit allen nötigen Informationen."
"1762630490-40","https://www.immoscout24.ch/de/wohnung/mieten/ort-winterthur?pn=1","5.5 Zimmer, CHF 3’990.–","Leimeneggstrasse 28, 8400 Winterthur","CHF 3’990.–","5.5 Zimmer-Maisonette-Wohnung an zentraler Lage in Winterthur",""
"1762630494-41","https://www.immoscout24.ch/de/wohnung/mieten/ort-winterthur?pn=3","3.5 Zimmer, 111m², CHF 2’850.–","Else-Züblin-Strasse 90, 8404 Winterthur","CHF 2’850.–","Elegante Wohnung mit Loggia",""
"1762630494-42","https://www.immoscout24.ch/de/wohnung/mieten/ort-winterthur?pn=3","4.5 Zimmer, 201m², CHF 5’055.–","Lagerhausstrasse 10, 8400 Winterthur","CHF 5’055.–","Urban. Stilvoll. Einzigartig. Wohnen im Herzen von Winterthur",""
"1762630494-43","https://www.immoscout24.ch/de/wohnung/mieten/ort-winterthur?pn=3","3 Zimmer, 62m², CHF 1’710.–","Wallrütistr. 113, 8404 Winterthur","CHF 1’710.–","Wohnen an ruhiger, grüner Lage!""Mieten ohne Kaution""","In Oberwinterthur Wallrütiquartier vermieten wir diese schöne 3-Zimmerwohnung. Profitieren Sie von folgenden Vorzügen:- Grosszügiges Entrée mit Einbauschränken- Moderne Küche mit Essecke sowie GK und GS- Grosses Badezimmer mit Badewanne und Doppellavabo- Balkon mit schöner Aussicht- Keller und Estrichabteil- Ruhige Lage- Nähe S-Bahn Anschluss (Wallrüti)- Schwimmbad in der Nähe- Abstellplatz à Fr. 50.-/Mt. vorhanden(Fotos entsprechen dem Standard)Eine Besichtigung Lohnt sich. Wir freuen uns auf Sie!"
"1762630494-44","https://www.immoscout24.ch/de/wohnung/mieten/ort-winterthur?pn=3","4.5 Zimmer, 102m², CHF 2’660.–","Lettenstr. 25, 8408 Winterthur","CHF 2’660.–","Wunderschöne Lage zum Wohnen MIETEN OHNE KAUTION","Hochwertig Wohnen in Waldesnähe- neuwertige Küche in schlichter Eleganz- alle Zimmer Eichenparkett- sep. WC mit Waschturm- Bad/Dusche/WC- grosszügige LoggiaDie Wahl der Materialien schlagen Brücken. Mit der ansprechenden Holzfassade und dem schönen Eichenparkett auf der einen Seite und den top modernen Küchen und Bädern auf der anderen Seite, werden höchste Wohnansprüche und das Bedürfnis „zurück zur Natur“ vereint. Dafür spricht auch das Modell der 2‘000-Watt-Gesellschaft. Die Wohnungen verfügen über eine kontrollierte Wohnraumlüftung, was ein angenehmes Wohnklima erschafft.- Mit der Wohnung, wird ein Einstellplatz für 160 CHF vermietet.Haben wir Ihr Interesse geweckt? Für einen Besichtigungstermin, Bewerbungslink sowie weitere Informationen senden Sie uns eine Nachricht via Kontaktformular. Sie erhalten anschliessend eine automatische Nachricht mit den erwähnten Informationen. Wir freuen uns auf Ihre Kontaktaufnahme!"
"1762630494-45","https://www.immoscout24.ch/de/wohnung/mieten/ort-winterthur?pn=3","4.5 Zimmer, 111m², CHF 2’370.–","Rümikerstr. 34, 8409 Winterthur","CHF 2’370.–","Wohnen beim angesagten Hegi-Quartier! Ihr neues Zuhause?","Sie wohnen gerne Abseits vom Trubel, mögen aber trotzdem kurze Einkaufswege? Sie gehen gerne am Wasser spatzieren oder freuen sich auf Action im nahegelgen Technorama? Willkommen bei uns!- Ganze Wohnung Parkett- Garderobe im Eingangsbereich- Wandschrank- Helles Badezimmer mit Doppellavabo und sep. Dusche/WC- Moderne Küche mit Glaskeramikherd und Geschirrspüler- Balkon mit Weitblick- Lift- Gute Busverbindungen- Nähe Einkaufsmöglichkeiten (Migros, Coop, OBI)- Bahnhof Winterthur-Hegi in nächster Nähe- Einstellplatz à CHF 140.00/Monat vorhanden(Die Bilder zeigen den Standard der Liegenschaft und entsprechen nicht immer der angebotenen Wohnung.)Haben wir Ihr Interesse geweckt? Für einen Besichtigungstermin, Bewerbungslink sowie weitere Informationen senden Sie uns eine Nachricht via Kontaktformular. Sie erhalten anschliessend eine automatische Nachricht mit den erwähnten Informationen. Wir freuen uns auf Ihre Kontaktaufnahme!"
"1762630494-46","https://www.immoscout24.ch/de/wohnung/mieten/ort-winterthur?pn=3","3 Zimmer, 77m², CHF 2’310.–","General Guisan Strasse 21, 8400 Winterthur","CHF 2’310.–","",""
"1762630494-47","https://www.immoscout24.ch/de/wohnung/mieten/ort-winterthur?pn=3","1 Zimmer, 39m², CHF 1’460.–","Gutstr. 11, 8400 Winterthur","CHF 1’460.–","Stadtnah und trotzdem im Grünen gelegen!","Die Wohnung punktet mit hellen und attraktiven Räumlichkeiten. Küche und das Bad sind saniert und mit modernen schwarzen Plattenböden ausgestattet worden. Die Wohnung verfügt zudem über: - Küche mit Glaskeramikherd - Parkett im Wohn- / Schlafzimmer - Plattenboden in Küche und Bad - Genügend Stauraum dank Einbauschrank und eigenem Kellerabteil Das Objekt ist in der Nähe von diversen Einkaufsmöglichkeiten, öffentlichen Verkehrsmittel wie auch naturnah gelegen.(Die Fotos entsprechen dem Standard, kleine Abweichungen können vorkommen.)"
"1762630494-48","https://www.immoscout24.ch/de/wohnung/mieten/ort-winterthur?pn=3","5.5 Zimmer, 127m², CHF 2’600.–","Schlosstalstrasse 215, 8408 Winterthur","CHF 2’600.–","Wohnen an der Töss",""
"1762630494-49","https://www.immoscout24.ch/de/wohnung/mieten/ort-winterthur?pn=3","4.5 Zimmer, 160m², CHF 4’475.–","Marktgasse 74 / Stadthausstrasse 115, 8400 Winterthur","CHF 4’475.–","Einzigartige Wohnung mit grosszügiger Terrasse in der Altstadt",""
"1762630494-50","https://www.immoscout24.ch/de/wohnung/mieten/ort-winterthur?pn=3","4.5 Zimmer, 118m², CHF 2’528.–","Tösstalstrasse 148, 8400 Winterthur","CHF 2’528.–","Ihr neues Zuhause wartet - Stilvoll renoviert mit Wohlfühlambiente",""
"1762630494-51","https://www.immoscout24.ch/de/wohnung/mieten/ort-winterthur?pn=3","3 Zimmer, 61m², CHF 1’574.–","Im Geissacker 75/77/79, 8404 Winterthur","CHF 1’574.–","Ruhige schöne Wohnlage an bester Lage!",""
"1762630494-52","https://www.immoscout24.ch/de/wohnung/mieten/ort-winterthur?pn=3","4.5 Zimmer, 127m², CHF 2’990.–","Else-Züblin-Strasse 94, 8404 Winterthur","CHF 2’990.–","Wohnen, wo sich Familien wohlfühlen",""
"1762630494-53","https://www.immoscout24.ch/de/wohnung/mieten/ort-winterthur?pn=3","4.5 Zimmer, 74m², CHF 2’590.–","Wasserfurristrasse 37, 8406 Winterthur","CHF 2’590.–","4.5 ZWG Wassefurristrasse 37 - Erstvermietung nach Gesamtsanierung",""
"1762630494-54","https://www.immoscout24.ch/de/wohnung/mieten/ort-winterthur?pn=3","4.5 Zimmer, 127m², CHF 2’968.–","Else-Züblin-Strasse 98, 8404 Winterthur","CHF 2’968.–","Suchen Sie mehr Platz für Ihre Familie?",""
"1762630494-55","https://www.immoscout24.ch/de/wohnung/mieten/ort-winterthur?pn=3","3.5 Zimmer, 108m², CHF 2’825.–","Else-Züblin-Strasse 102, 8404 Winterthur","CHF 2’825.–","Traumwohnung sucht neue Mieter!",""
"1762630494-56","https://www.immoscout24.ch/de/wohnung/mieten/ort-winterthur?pn=3","1 Zimmer, 63m², CHF 1’860.–","Ida-Sträuli-Strasse 43, 8404 Winterthur","CHF 1’860.–","1-Zimmerwohnung - Ihr zukünftiges Zuhause in Winterthur",""
"1762630494-57","https://www.immoscout24.ch/de/wohnung/mieten/ort-winterthur?pn=3","2.5 Zimmer, 78m², CHF 2’125.–","Else-Züblin-Strasse 96, 8404 Winterthur","CHF 2’125.–","Suchen Sie eine trendige Wohnung? Wir haben sie!",""
"1762630494-58","https://www.immoscout24.ch/de/wohnung/mieten/ort-winterthur?pn=3","3.5 Zimmer, 94m², CHF 2’360.–","Barbara Reinhart-Strasse 44, 8404 Winterthur","CHF 2’360.–","Neuhegi - das zweite urbane Stadtzentrum von Winterthur",""
"1762630494-59","https://www.immoscout24.ch/de/wohnung/mieten/ort-winterthur?pn=3","4 Zimmer, 83m², CHF 2’450.–","Stadlerstrasse 5, 8404 Winterthur","CHF 2’450.–","Charmante Wohnung an zentraler Lage in Winterthur",""
"1762630494-60","https://www.immoscout24.ch/de/wohnung/mieten/ort-winterthur?pn=3","3 Zimmer, CHF 1’680.–","Wülflingerstrasse 284, 8408 Winterthur","CHF 1’680.–","Aufgefrischte - helle Wohnung an top Lage in Winterthur-Wülflingen",""
"1762630497-61","https://www.immoscout24.ch/de/wohnung/mieten/ort-winterthur?pn=4","2.5 Zimmer, 66m², CHF 2’575.–","Wartstrasse 160, 8400 Winterthur","CHF 2’575.–","Qualitatives Wohnen für Paare oder Einzelpersonen",""
"1762630497-62","https://www.immoscout24.ch/de/wohnung/mieten/ort-winterthur?pn=4","4.5 Zimmer, 122m², CHF 2’970.–","Hobelwerkweg 13, 8404 Winterthur","CHF 2’970.–","Familienfreundliches Zuhause mit sonnigem Sitzplatz",""
"1762630497-63","https://www.immoscout24.ch/de/wohnung/mieten/ort-winterthur?pn=4","1.5 Zimmer, 36m², CHF 2’100.–","Zürcherstrasse 143, 8406 Winterthur","CHF 2’100.–","BUSINESS APARTMENT - Voll möbliert",""
"1762630497-64","https://www.immoscout24.ch/de/wohnung/mieten/ort-winterthur?pn=4","4.5 Zimmer, 121m², CHF 3’730.–","Schachenweg 55, 8400 Winterthur","CHF 3’730.–","",""
"1762630497-65","https://www.immoscout24.ch/de/wohnung/mieten/ort-winterthur?pn=4","3.5 Zimmer, 88m², CHF 2’530.–","Schlosshofstrasse 23, 8400 Winterthur","CHF 2’530.–","Werk 3 - rundum attraktiv",""
"1762630497-66","https://www.immoscout24.ch/de/wohnung/mieten/ort-winterthur?pn=4","4.5 Zimmer, 102m², CHF 2’450.–","Farmerstrasse 30, 8404 Winterthur","CHF 2’450.–","Moderne 4.5 Zimmerwohnung",""
"1762630497-67","https://www.immoscout24.ch/de/wohnung/mieten/ort-winterthur?pn=4","4.5 Zimmer, CHF 2’990.–","Claisstrasse 5, 8408 Winterthur","CHF 2’990.–","Moderne 4.5-Zimmerwohnung in Winterthur-Wülflingen",""
"1762630497-68","https://www.immoscout24.ch/de/wohnung/mieten/ort-winterthur?pn=4","3.5 Zimmer, 90m², CHF 2’800.–","Schlosshofstrasse 19, 8400 Winterthur","CHF 2’800.–","Werk 3 - rundum attraktiv",""
"1762630497-69","https://www.immoscout24.ch/de/wohnung/mieten/ort-winterthur?pn=4","3.5 Zimmer, 95m², CHF 2’570.–","Schlosshofstrasse 15, 8400 Winterthur","CHF 2’570.–","Werk 3 - rundum attraktiv",""
"1762630497-70","https://www.immoscout24.ch/de/wohnung/mieten/ort-winterthur?pn=4","3.5 Zimmer, CHF 2’750.–","Hermannstrasse 22, 8400 Winterthur","CHF 2’750.–","Wohnen an privilegierter Lage im Herzen von Winterthur",""
"1762630497-71","https://www.immoscout24.ch/de/wohnung/mieten/ort-winterthur?pn=4","3.5 Zimmer, 98m², CHF 2’460.–","Rümikerstrasse 4, 8400 Winterthur","CHF 2’460.–","Modernes und zentrales Wohnen",""
"1762630497-72","https://www.immoscout24.ch/de/wohnung/mieten/ort-winterthur?pn=4","4 Zimmer, 77m², CHF 1’770.–","Strahleggstrasse 68, 8400 Winterthur","CHF 1’770.–","Wohnglück auf den ersten Blick",""
"1762630497-73","https://www.immoscout24.ch/de/wohnung/mieten/ort-winterthur?pn=4","4.5 Zimmer, 115m², CHF 2’500.–","Heinrich-Bosshard-Strasse 3, 8405 Winterthur","CHF 2’500.–","gemütliche Familienwohnung in Winterthur Seen",""
"1762630497-74","https://www.immoscout24.ch/de/wohnung/mieten/ort-winterthur?pn=4","3.5 Zimmer, 91m², CHF 2’373.–","Gartenhof 12, 8408 Winterthur","CHF 2’373.–","3.5-Zimmer-Wohnung in der Überbauung Gartenhof",""
"1762630497-75","https://www.immoscout24.ch/de/wohnung/mieten/ort-winterthur?pn=4","3.5 Zimmer, 86m², CHF 2’510.–","Hobelwerkweg 17, 8404 Winterthur","CHF 2’510.–","Moderne Attika mit grosser Sonnenterrasse",""
"1762630497-76","https://www.immoscout24.ch/de/wohnung/mieten/ort-winterthur?pn=4","3.5 Zimmer, 89m², CHF 3’300.–","8406 Winterthur","CHF 3’300.–","Moderne 3.5-Zimmer-Wohnung in ruhiger Lage Winterthur",""
"1762630497-77","https://www.immoscout24.ch/de/wohnung/mieten/ort-winterthur?pn=4","3.5 Zimmer, 82m², CHF 2’125.–","Wülflingerstr. 349, 8408 Winterthur","CHF 2’125.–","Helle 3.5-Zimmer-Wohnung in Winterthur","Wir vermieten diese schöne 3.5-Zimmerwohnung in Winterthur Wülflingen.Die Wohnung überzeugt durch:- Parkettboden im Wohnbereich- Grosszügiges Wohnzimmer- Helle Küche mit Granitabdeckung und Geschirrspüler- Separater Essbereich- Badezimmer mit Badewanne und Doppellavabo- Einbauschrank im Korridor- Zusätzlicher Abstellraum in der Wohnung - Lift vorhanden- Eigenes Kellerabteil- Familienfreundliche Umgebung- Einkaufsmöglichkeiten in unmittelbarer Nähe- Schule in der Nachbarschaft- Bushaltestelle wenige Gehminuten entferntHaben wir Interesse geweckt? Für einen Besichtigungstermin, Bewerbungslink sowie weitere Informationen senden Sie uns eine Nachricht via Kontaktformular Anbieter kontaktieren. Sie erhalten anschliessend eine automatische Nachricht mit allen Informationen. Die Fotos sind von einer vergleichbaren Wohnung."
"1762630497-78","https://www.immoscout24.ch/de/wohnung/mieten/ort-winterthur?pn=4","4.5 Zimmer, 114m², CHF 3’030.–","Jägerstr. 59, 8406 Winterthur","CHF 3’030.–","Leben über dem Einkaufszentrum Lokwerk!","Wir vermieten per 01.02.2026 eine 4.5 Zimmer Wohnung auf dem EKZ Lokwerk. - Parkplatz kann dazu gemietet werden - direkter Zugang ins Einkaufszentrum (Lift)- Community Events- Smarthome- Minergiestandart - Veloräume Bei Interesse dürfen Sie die Wohnung besichtigen und sich danach bewerben.Besichtigung: Mittwoch 19.11.2025, 16:00 - 18:30 UhrNur unter Anmeldung bei serah.emelogu@wincasa.chMaximale Anzahl 15 Personen"
"1762630497-79","https://www.immoscout24.ch/de/wohnung/mieten/ort-winterthur?pn=4","4 Zimmer, CHF 1’720.–","Tösstalstrasse 174, 8400 Winterthur","CHF 1’720.–","Familienfreundliche 4-Zimmerwohnung in Winterthur",""
"1762630497-80","https://www.immoscout24.ch/de/wohnung/mieten/ort-winterthur?pn=4","4.5 Zimmer, 94m², CHF 3’060.–","Talgutstrasse 27, 8400 Winterthur","CHF 3’060.–","Ihr neuer Lebensraum: modern, grün, vernetzt",""
"1762630500-81","https://www.immoscout24.ch/de/wohnung/mieten/ort-winterthur?pn=2","4.5 Zimmer, 109m², CHF 2’662.–","Weberstrasse 91, 8400 Winterthur","CHF 2’662.–","Moderne Wohnung mit schöner Weitsicht",""
"1762630500-82","https://www.immoscout24.ch/de/wohnung/mieten/ort-winterthur?pn=2","4.5 Zimmer, 119m², CHF 2’850.–","Sulzerallee 83, 8404 Winterthur","CHF 2’850.–","4.5-Zimmerwohnung mit Loggia in Oberwinterthur",""
"1762630500-83","https://www.immoscout24.ch/de/wohnung/mieten/ort-winterthur?pn=2","3.5 Zimmer, 104m², CHF 3’000.–","Solarstrasse 5, 8404 Winterthur","CHF 3’000.–","Ihre exklusive Attikawohnung über den Dächern von Winterthur!",""
"1762630500-84","https://www.immoscout24.ch/de/wohnung/mieten/ort-winterthur?pn=2","3.5 Zimmer, 76m², CHF 1’756.–","Heiniweg 10, 8404 Winterthur","CHF 1’756.–","Einfach Zuhause fühlen! ""Mieten ohne Kaution""","In Oberwinterthur, im schönen Wallrüti-Quartier, vermieten wir diese 3.5 Zimmerwohnung, profitieren Sie von folgenden Vorzügen:- Wohnbereich Parkett, Badezimmer Platten - Moderne Wohnküche mit GS, GK, Fenster und Balkon- Helles Badezimmer mit Badewanne- Praktisches Reduit- Kellerabteil- Grosszügiger Balkon- Kinderfreundliche Lage- Gute Einkaufsmöglichkeiten- Nähe Bahnhof 'Wallrüti'Mieten ohne Kaution = kein blockiertes Geld"
"1762630500-85","https://www.immoscout24.ch/de/wohnung/mieten/ort-winterthur?pn=2","3.5 Zimmer, 123m², CHF 2’780.–","Katharina Sulzer Platz 8, 8400 Winterthur","CHF 2’780.–","Leben am Katharina Sulzer Platz MIETEN OHNE KAUTION","- Wohnfläche ca. 124 m2- Alle Räume Parkett- Beide Nasszellen mit pflegeleichten Keramikböden- Modernster Ausbaustandard- Küche mit Glaskeramik, Steamer und Geschirrspüler- Tiefkühler mit 3 Schubladen- Bad/WC mit Waschturm- Sep. Dusche/WC- Reduit in der Wohnung- Viele praktische Wandschränke- Balkon- Hundehaltung erlaubt, Hauskatzen erst ab 1. Obergeschoss- 2. Stock mit Lift- Bushaltestelle ""Brühleck"" in unmittelbarer Nähe (Linien 7, 11, 1 + 4)- 5 Gehminuten zum Hauptbahnhof und in die Stadt- Einstellplätze à Fr. 175.--/Mt. vorhanden&gt;&gt; siehe auch www.kranbahn.ch"
"1762630500-86","https://www.immoscout24.ch/de/wohnung/mieten/ort-winterthur?pn=2","3.5 Zimmer, 123m², CHF 2’850.–","Katharina Sulzer Platz 8, 8400 Winterthur","CHF 2’850.–","Leben am Katharina Sulzer Platz MIETEN OHNE KAUTION","- Wohnfläche ca. 124 m2- Alle Räume Parkett- Beide Nasszellen mit pflegeleichten Keramikböden- Modernster Ausbaustandard- Küche mit Glaskeramik, Steamer und Geschirrspüler- Tiefkühler mit 3 Schubladen- Bad/WC mit Waschturm- Sep. Dusche/WC- Reduit in der Wohnung- Viele praktische Wandschränke- Balkon- Hundehaltung erlaubt, Hauskatzen erst ab 1. Obergeschoss- 3. Stock mit Lift- Bushaltestelle ""Brühleck"" in unmittelbarer Nähe (Linien 7, 11, 1 + 4)- 5 Gehminuten zum Hauptbahnhof und in die Stadt- Einstellplätze à Fr. 175.--/Mt. vorhanden&gt;&gt; siehe auch www.kranbahn.ch, WG-Nr. 308"
"1762630500-87","https://www.immoscout24.ch/de/wohnung/mieten/ort-winterthur?pn=2","3.5 Zimmer, 87m², CHF 1’710.–","Unterwegli 49, 8404 Winterthur","CHF 1’710.–","ruhiges Wohnen im Zentrum von Oberwinterthur ""Mieten ohne Kaution""","Im schönen Quartier ""Unteres Bühl"" wird diese 3.5 Zimmerwohnung frei. Profitieren Sie von folgenden Vorzügen:- Parkett im Wohnbereich- Küche mit Geschirrspüler und Glaskeramikherd- Bad mit Badewanne und Fenster- Separates WC- Sonniger Balkon- Reduit- Einbauschränke im Korridor- KellerabteilDie Spielplatz- und Grillanlagen in der Liegenschaft laden zum Verweilen ein. Schule, Kindergarten und Einkaufsmöglichkeiten befinden sich in unmittelbarer Nähe und sind in wenigen Gehminuten zu erreichen. Die Überbauung befindet sich ausserdem an guter Verkehrsanbindung.- Einstellplätze für Fr. 120.--/Mtl(Die Fotos entsprechen dem Standard)"
"1762630500-88","https://www.immoscout24.ch/de/wohnung/mieten/ort-winterthur?pn=2","1 Zimmer, 29m², CHF 910.–","Hulfteggstr. 16, 8400 Winterthur","CHF 910.–","Wohnen an ruhiger Lage «Mieten ohne Kaution»","Suchen Sie eine ruhige Wohnung in Stadtnähe, dann ist dies vielleicht bald Ihr neues Zuhause.- Wohnbereich mit Parkett ausgestattet- Bad mit Dusche/WC- Schrankküche- Einbauschrank für mehr Stauraum- Lift- Eigenes Kellerabteil- Öffentliche Verkehrsmittel und Einkaufsmöglichkeiten in unmittelbarer Nähe- Familienfreundliche und ruhige UmgebungDie Bilder zeigen den Standard.Haben wir Ihr Interesse geweckt?Für einen Besichtigungstermin, Bewerbungslink sowie weitere Informationen senden Sie uns eine Nachricht via Kontaktformular «Anbieter kontaktieren». Sie erhalten anschliessend eine automatische Nachricht mit allen nötigen Informationen."
"1762630500-89","https://www.immoscout24.ch/de/wohnung/mieten/ort-winterthur?pn=2","3.5 Zimmer, 104m², CHF 2’617.–","St. Gallerstrasse 42e, 8400 Winterthur","CHF 2’617.–","Ruhig und doch zentral - grosszügige Wohnung im Sidiareal",""
"1762630500-90","https://www.immoscout24.ch/de/wohnung/mieten/ort-winterthur?pn=2","4.5 Zimmer, 155m², CHF 3’540.–","Ida-Sträuli-Strasse 43, 8404 Winterthur","CHF 3’540.–","4.5-Zimmerwohnung mit Terrasse in Winterthur",""
"1762630500-91","https://www.immoscout24.ch/de/wohnung/mieten/ort-winterthur?pn=2","3.5 Zimmer, 66m², CHF 1’860.–","Flüelistr. 2, 8400 Winterthur","CHF 1’860.–","Zentrales Veltheim in 10 Minuten zu Fuss am Bahnhof ""MIETEN OHNE KAUTION""","Im Quartier Veltheim wird diese charmante 3.5 Zimmerwohnung frei- charmante Wohnung- offene Küche mit Geschirrspüler und Glaskeramikherd- Bad mit Doppellavabo- ganze Wohnung mit Parkettboden- Wandschrank- sonniger Balkon- Kellerabteil- Bushaltestelle und Einkaufsmöglichkeiten in unmittelbarer Nähe- Die Wohnung wird ohne Parkplatz vermietet.Die Bilder zeigen den Standard der Liegenschaft und entsprechen nicht immer der angebotenen Wohnung.Haben wir Ihr Interesse geweckt? Für einen Besichtigungstermin, Bewerbungslink sowie weitere Informationen senden Sie uns eine Nachricht via Kontaktformular. Sie erhalten anschliessend eine automatische Nachricht mit den erwähnten Informationen. Wir freuen uns auf Ihre Kontaktaufnahme!"
"1762630500-92","https://www.immoscout24.ch/de/wohnung/mieten/ort-winterthur?pn=2","3.5 Zimmer, 120m², CHF 3’750.–","Sankt-Georgen-Strasse 70, 8400 Winterthur","CHF 3’750.–","neue 3.5-Zimmer-Attikawohnungen mitten in Winterthur",""
"1762630500-93","https://www.immoscout24.ch/de/wohnung/mieten/ort-winterthur?pn=2","3.5 Zimmer, 92m², CHF 3’080.–","Schönholzweg 43, 8409 Winterthur","CHF 3’080.–","Wohnüberbauung DOMUM Winterthur",""
"1762630500-94","https://www.immoscout24.ch/de/wohnung/mieten/ort-winterthur?pn=2","2.5 Zimmer, 59m², CHF 1’910.–","Ida-Sträuli-Strasse 47, 8404 Winterthur","CHF 1’910.–","2.5-Zimmerwohnung in Winterthur / Sue&Til - smart&urban",""
"1762630500-95","https://www.immoscout24.ch/de/wohnung/mieten/ort-winterthur?pn=2","3 Zimmer, 66m², CHF 1’570.–","Unterwiesenstrasse 6, 8408 Winterthur","CHF 1’570.–","Grosser gedeckter Balkon",""
"1762630500-96","https://www.immoscout24.ch/de/wohnung/mieten/ort-winterthur?pn=2","3.5 Zimmer, 92m², CHF 2’420.–","Ida-Sträuli-Strasse 47, 8404 Winterthur","CHF 2’420.–","3.5-Zimmerwohnung in Winterthur",""
"1762630500-97","https://www.immoscout24.ch/de/wohnung/mieten/ort-winterthur?pn=2","4 Zimmer, 75m², CHF 1’710.–","Strahleggstrasse 64, 8400 Winterthur","CHF 1’710.–","Ihre neue Wohlfühloase",""
"1762630500-98","https://www.immoscout24.ch/de/wohnung/mieten/ort-winterthur?pn=2","2.5 Zimmer, 56m², CHF 1’550.–","Kanzleistrasse 21, 8405 Winterthur","CHF 1’550.–","Hier endet Ihre Wohnungssuche",""
"1762630500-99","https://www.immoscout24.ch/de/wohnung/mieten/ort-winterthur?pn=2","2.5 Zimmer, 77m², CHF 2’130.–","Stadthausstrasse 12, 8400 Winterthur","CHF 2’130.–","Geniale Dachwohnung im Stadtzentrum von Winterthur",""
"1762630500-100","https://www.immoscout24.ch/de/wohnung/mieten/ort-winterthur?pn=2","2.5 Zimmer, 69m², CHF 2’010.–","Sulzerallee 81, 8404 Winterthur","CHF 2’010.–","2.5 - Zimmerwohnung in Winterthur",""
